{
  "IcoMoonType": "selection",
  "icons": [
    {
      "icon": {
        "paths": [
          "M426.535 170.026h93.483v-162.816c-16.128-2.219-71.595-7.211-136.192-7.211-134.784 0-227.115 84.778-227.115 240.598v143.402h-148.736v182.016h148.736v457.984h182.358v-457.943h142.72l22.656-182.014h-165.418v-125.397c0.042-52.608 14.208-88.619 87.509-88.619z"
        ],
        "attrs": [
          {
            "fill": "rgb(175, 177, 184)"
          }
        ],
        "width": 563,
        "isMulticolor": false,
        "isMulticolor2": false,
        "grid": 0,
        "tags": [
          "Vector"
        ]
      },
      "attrs": [
        {
          "fill": "rgb(175, 177, 184)"
        }
      ],
      "properties": {
        "order": 39,
        "id": 1,
        "name": "Vector",
        "prevSize": 32
      },
      "setIdx": 0,
      "setId": 0,
      "iconIdx": 0
    },
    {
      "icon": {
        "paths": [
          "M1137.778 159.218c-42.308 18.56-87.398 30.862-134.4 36.836 48.356-28.871 85.265-74.24 102.61-128.924-45.079 26.88-94.857 45.867-147.911 56.462-42.809-45.582-103.822-73.813-170.382-73.813-129.132 0-233.099 104.818-233.099 233.316 0 18.489 1.564 36.267 5.404 53.191-193.92-9.458-365.511-102.4-480.782-243.982-20.124 34.916-31.929 74.88-31.929 117.902 0 80.782 41.6 152.391 103.609 193.849-37.476-0.711-74.24-11.591-105.387-28.729 0 0.711 0 1.636 0 2.56 0 113.351 80.853 207.502 186.88 229.188-18.987 5.194-39.68 7.68-61.156 7.68-14.933 0-30.009-0.848-44.16-3.982 30.222 92.376 115.982 160.29 217.956 162.492-79.36 62.083-180.124 99.482-289.209 99.482-19.129 0-37.476-0.848-55.822-3.197 103.324 66.634 225.778 104.676 357.831 104.676 429.227 0 663.893-355.556 663.893-663.751 0-10.311-0.353-20.267-0.853-30.151 46.296-32.853 85.191-73.884 116.907-121.102z"
        ],
        "attrs": [
          {
            "fill": "rgb(175, 177, 184)"
          }
        ],
        "width": 1138,
        "isMulticolor": false,
        "isMulticolor2": false,
        "grid": 0,
        "tags": [
          "Vector1"
        ]
      },
      "attrs": [
        {
          "fill": "rgb(175, 177, 184)"
        }
      ],
      "properties": {
        "order": 38,
        "id": 0,
        "name": "Vector1",
        "prevSize": 32
      },
      "setIdx": 0,
      "setId": 0,
      "iconIdx": 1
    }
  ],
  "height": 1024,
  "preferences": {
    "showGlyphs": true,
    "showQuickUse": true,
    "showQuickUse2": false,
    "showSVGs": true,
    "fontPref": {
      "prefix": "icon-",
      "metadata": {
        "fontFamily": "icomoon"
      },
      "metrics": {
        "emSize": 1024,
        "baseline": 6.25,
        "whitespace": 50
      },
      "embed": false
    },
    "imagePref": {
      "prefix": "icon-",
      "png": false,
      "useClassSelector": true,
      "color": 0,
      "bgColor": 16777215,
      "classSelector": ".icon",
      "name": "icomoon",
      "height": 32,
      "columns": 16,
      "margin": 16
    },
    "historySize": 50,
    "showCodes": true,
    "gridSize": 16
  }
}